id,label,start,end,text,doc_id,label_is_wrong,has_event,right_label
4967,DATE+,84,92,379 8911,259,0.0,0.0,
4969,DATE+,253,269,19 november 2021,259,0.0,0.0,
4973,DATE+,747,762,14 januari 2022,259,0.0,0.0,
4974,DATE+,798,822,downloadlink zeven dagen,259,0.0,0.0,
4977,DATE+,385,389,2013,269,0.0,0.0,
4978,DATE+,391,395,2014,269,0.0,0.0,
4979,DATE+,399,403,2017,269,0.0,0.0,
4981,DATE+,601,612,23 mei 2022,269,0.0,0.0,
4983,DATE+,798,810,30 juni 2022,269,0.0,0.0,
4984,DATE+,1042,1054,30 juni 2022,269,0.0,0.0,
4985,DATE+,1149,1161,30 juni 2022,269,0.0,0.0,
4986,DATE+,1307,1319,30 juni 2022,269,0.0,0.0,
4987,DATE+,2295,2307,30 juni 2022,269,0.0,0.0,
4988,DATE+,2354,2358,2013,269,0.0,0.0,
4989,DATE+,2360,2364,2014,269,0.0,0.0,
4990,DATE+,2368,2372,2017,269,0.0,0.0,
4991,DATE+,88,95,22-0359,262,0.0,0.0,
4993,DATE+,166,173,22-0359,262,0.0,0.0,
4999,DATE+,855,862,22-0359,262,0.0,0.0,
5000,DATE+,1014,1021,22-0359,262,0.0,0.0,
5001,DATE+,1228,1235,22-0359,262,0.0,0.0,
5002,DATE+,1321,1337,16 februari 2011,262,0.0,0.0,
5003,DATE+,1692,1707,2 februari 2022,262,0.0,0.0,
5004,DATE+,2142,2149,22-0359,262,0.0,0.0,
5005,DATE+,2267,2274,22-0359,262,0.0,0.0,
5006,DATE+,2428,2440,1 april 2008,262,0.0,0.0,
5007,DATE+,2586,2593,22-0359,262,0.0,0.0,
5008,DATE+,2894,2901,22-0359,262,0.0,0.0,
5017,DATE+,872,885,10 maart 2022,271,0.0,0.0,
5018,DATE+,994,1002,28/02/22,271,0.0,0.0,
5019,DATE+,1158,1164,morgen,271,0.0,0.0,
5020,DATE+,1374,1382,28/02/22,271,0.0,0.0,
5021,DATE+,1675,1683,28/02/22,271,0.0,0.0,
5022,DATE+,1754,1762,27/02/22,271,0.0,0.0,
5023,DATE+,2214,2222,28/02/22,271,0.0,0.0,
5024,DATE+,2335,2343,01/03/22,271,0.0,0.0,
5025,DATE+,2363,2367,28/2,271,0.0,0.0,
5026,DATE+,2432,2439,2 maart,271,0.0,0.0,
5027,DATE+,2465,2469,2022,271,0.0,0.0,
5030,DATE+,428,432,2003,267,0.0,0.0,
5031,DATE+,444,448,2022,267,0.0,0.0,
5032,DATE+,652,660,mei 2003,267,0.0,0.0,
5033,DATE+,672,676,2022,267,0.0,0.0,
5036,DATE+,977,988,13 mei 2022,267,0.0,0.0,
5037,DATE+,1104,1115,13 mei 2022,267,0.0,0.0,
5038,DATE+,1180,1191,13 mei 2022,267,0.0,0.0,
5039,DATE+,1305,1316,13 mei 2022,267,0.0,0.0,
5040,DATE+,1406,1417,13 mei 2022,267,0.0,0.0,
5041,DATE+,1814,1825,13 mei 2022,267,0.0,0.0,
5042,DATE+,2584,2595,13 mei 2022,267,0.0,0.0,
5043,DATE+,2989,3000,13 mei 2022,267,0.0,0.0,
5044,DATE+,3133,3144,13 mei 2022,267,0.0,0.0,
5045,DATE+,3350,3356,9 9551,267,0.0,0.0,
5046,DATE+,3397,3405,1-jan-03,267,0.0,0.0,
5047,DATE+,3415,3427,165 1-feb-03,267,0.0,0.0,
5048,DATE+,3573,3581,1-sep-03,267,0.0,0.0,
5049,DATE+,3683,3691,1-feb-04,267,0.0,0.0,
5050,DATE+,3793,3801,1-jul-04,267,0.0,0.0,
5051,DATE+,3811,3823,200 1-aug-04,267,0.0,0.0,
5052,DATE+,4075,4087,208 1-aug-05,267,0.0,0.0,
5053,DATE+,4298,4306,1-jun-06,267,0.0,0.0,
5054,DATE+,4426,4438,203 1-dec-06,267,0.0,0.0,
5055,DATE+,4778,4790,215 1-apr-08,267,0.0,0.0,
5056,DATE+,4954,4966,230 1-dec-08,267,0.0,0.0,
5057,DATE+,5437,5449,229 1-okt-10,267,0.0,0.0,
5058,DATE+,5947,5955,1-sep-12,267,0.0,0.0,
5059,DATE+,6075,6087,215 1-mrt-13,267,0.0,0.0,
5060,DATE+,6294,6306,225 1-jan-14,267,0.0,0.0,
5061,DATE+,6822,6834,251 1-jan-16,267,0.0,0.0,
5062,DATE+,6958,6966,1-jul-16,267,0.0,0.0,
5063,DATE+,6976,6988,227 1-aug-16,267,0.0,0.0,
5064,DATE+,7046,7054,1-nov-16,267,0.0,0.0,
5065,DATE+,7068,7076,1-dec-16,267,0.0,0.0,
5066,DATE+,7152,7164,227 1-apr-17,267,0.0,0.0,
5067,DATE+,7349,7361,221 1-jan-18,267,0.0,0.0,
5068,DATE+,7599,7607,1-apr-21,267,0.0,0.0,
5069,DATE+,7616,7624,1-mei-21,267,0.0,0.0,
5070,DATE+,7684,7692,1-sep-21,267,0.0,0.0,
5071,DATE+,7735,7743,1-dec-21,267,0.0,0.0,
5072,DATE+,7980,7986,9 9551,267,0.0,0.0,
5073,DATE+,8030,8034,2003,267,0.0,0.0,
5074,DATE+,8079,8083,2003,267,0.0,0.0,
5075,DATE+,8130,8134,2003,267,0.0,0.0,
5076,DATE+,8196,8200,2003,267,0.0,0.0,
5077,DATE+,8231,8237,1 JAAR,267,0.0,0.0,
5078,DATE+,8250,8254,2003,267,0.0,0.0,
5079,DATE+,8285,8291,1 JAAR,267,0.0,0.0,
5080,DATE+,8306,8310,2003,267,0.0,0.0,
5081,DATE+,8339,8347,120 2003,267,0.0,0.0,
5082,DATE+,8371,8379,207 2004,267,0.0,0.0,
5083,DATE+,8424,8428,2004,267,0.0,0.0,
5084,DATE+,8475,8479,2004,267,0.0,0.0,
5085,DATE+,8541,8545,2004,267,0.0,0.0,
5086,DATE+,8576,8582,1 JAAR,267,0.0,0.0,
5087,DATE+,8595,8599,2004,267,0.0,0.0,
5088,DATE+,8630,8636,1 JAAR,267,0.0,0.0,
5089,DATE+,8651,8655,2004,267,0.0,0.0,
5090,DATE+,8684,8692,121 2004,267,0.0,0.0,
5091,DATE+,8716,8724,196 2005,267,0.0,0.0,
5092,DATE+,8769,8773,2005,267,0.0,0.0,
5093,DATE+,8820,8824,2005,267,0.0,0.0,
5094,DATE+,8886,8890,2005,267,0.0,0.0,
5095,DATE+,8921,8927,1 JAAR,267,0.0,0.0,
5096,DATE+,8942,8946,2005,267,0.0,0.0,
5097,DATE+,8979,8983,2005,267,0.0,0.0,
5098,DATE+,9062,9066,2006,267,0.0,0.0,
5099,DATE+,9128,9132,2006,267,0.0,0.0,
5100,DATE+,9163,9169,1 JAAR,267,0.0,0.0,
5101,DATE+,9182,9186,2006,267,0.0,0.0,
5102,DATE+,9217,9223,1 JAAR,267,0.0,0.0,
5103,DATE+,9238,9242,2006,267,0.0,0.0,
5104,DATE+,9275,9279,2006,267,0.0,0.0,
5105,DATE+,9333,9337,2006,267,0.0,0.0,
5106,DATE+,9361,9369,220 2007,267,0.0,0.0,
5107,DATE+,9427,9433,2 2007,267,0.0,0.0,
5108,DATE+,9499,9505,1 2007,267,0.0,0.0,
5109,DATE+,9545,9551,3 2007,267,0.0,0.0,
5110,DATE+,9594,9600,1 2007,267,0.0,0.0,
5111,DATE+,9647,9651,2007,267,0.0,0.0,
5112,DATE+,9711,9718,13 2007,267,0.0,0.0,
5113,DATE+,9749,9755,1 JAAR,267,0.0,0.0,
5114,DATE+,9766,9772,2 2007,267,0.0,0.0,
5115,DATE+,9803,9809,1 JAAR,267,0.0,0.0,
5116,DATE+,9821,9828,28 2007,267,0.0,0.0,
5117,DATE+,9857,9865,109 2007,267,0.0,0.0,
5118,DATE+,9954,9960,2 2008,267,0.0,0.0,
5119,DATE+,10026,10032,2 2008,267,0.0,0.0,
5120,DATE+,10074,10078,2008,267,0.0,0.0,
5121,DATE+,10123,10127,2008,267,0.0,0.0,
5122,DATE+,10174,10178,2008,267,0.0,0.0,
5123,DATE+,10240,10244,2008,267,0.0,0.0,
5124,DATE+,10275,10281,1 JAAR,267,0.0,0.0,
5125,DATE+,10294,10298,2008,267,0.0,0.0,
5126,DATE+,10329,10335,1 JAAR,267,0.0,0.0,
5127,DATE+,10350,10354,2008,267,0.0,0.0,
5128,DATE+,10387,10391,2008,267,0.0,0.0,
5129,DATE+,10445,10449,2008,267,0.0,0.0,
5130,DATE+,10473,10481,218 2009,267,0.0,0.0,
5131,DATE+,10539,10545,1 2009,267,0.0,0.0,
5132,DATE+,10611,10617,1 2009,267,0.0,0.0,
5133,DATE+,10659,10663,2009,267,0.0,0.0,
5134,DATE+,10710,10714,2009,267,0.0,0.0,
5135,DATE+,10776,10780,2009,267,0.0,0.0,
5136,DATE+,10811,10817,1 JAAR,267,0.0,0.0,
5137,DATE+,10830,10834,2009,267,0.0,0.0,
5138,DATE+,10865,10871,1 JAAR,267,0.0,0.0,
5139,DATE+,10886,10890,2009,267,0.0,0.0,
5140,DATE+,10923,10927,2009,267,0.0,0.0,
5141,DATE+,10981,10985,2009,267,0.0,0.0,
5142,DATE+,11013,11017,2010,267,0.0,0.0,
5143,DATE+,11075,11081,1 2010,267,0.0,0.0,
5144,DATE+,11147,11153,1 2010,267,0.0,0.0,
5145,DATE+,11207,11211,2010,267,0.0,0.0,
5146,DATE+,11256,11260,2010,267,0.0,0.0,
5147,DATE+,11307,11311,2010,267,0.0,0.0,
5148,DATE+,11373,11377,2010,267,0.0,0.0,
5149,DATE+,11408,11414,1 JAAR,267,0.0,0.0,
5150,DATE+,11427,11431,2010,267,0.0,0.0,
5151,DATE+,11462,11468,1 JAAR,267,0.0,0.0,
5152,DATE+,11483,11487,2010,267,0.0,0.0,
5153,DATE+,11520,11524,2010,267,0.0,0.0,
5154,DATE+,11548,11556,226 2011,267,0.0,0.0,
5155,DATE+,11594,11600,3 JAAR,267,0.0,0.0,
5156,DATE+,11620,11626,1 2011,267,0.0,0.0,
5157,DATE+,11692,11698,1 2011,267,0.0,0.0,
5158,DATE+,11752,11756,2011,267,0.0,0.0,
5159,DATE+,11801,11805,2011,267,0.0,0.0,
5160,DATE+,11852,11856,2011,267,0.0,0.0,
5161,DATE+,11918,11922,2011,267,0.0,0.0,
5162,DATE+,11953,11959,1 JAAR,267,0.0,0.0,
5163,DATE+,11972,11976,2011,267,0.0,0.0,
5164,DATE+,12007,12013,1 JAAR,267,0.0,0.0,
5165,DATE+,12028,12032,2011,267,0.0,0.0,
5166,DATE+,12065,12069,2011,267,0.0,0.0,
5167,DATE+,12093,12101,220 2012,267,0.0,0.0,
5168,DATE+,12140,12146,3 JAAR,267,0.0,0.0,
5169,DATE+,12166,12172,1 2012,267,0.0,0.0,
5170,DATE+,12210,12216,3 JAAR,267,0.0,0.0,
5171,DATE+,12236,12242,2 2012,267,0.0,0.0,
5172,DATE+,12344,12348,2012,267,0.0,0.0,
5173,DATE+,12395,12399,2012,267,0.0,0.0,
5174,DATE+,12461,12465,2012,267,0.0,0.0,
5175,DATE+,12496,12502,1 JAAR,267,0.0,0.0,
5176,DATE+,12515,12519,2012,267,0.0,0.0,
5177,DATE+,12550,12556,1 JAAR,267,0.0,0.0,
5178,DATE+,12571,12575,2012,267,0.0,0.0,
5179,DATE+,12636,12644,220 2013,267,0.0,0.0,
5180,DATE+,12683,12689,3 JAAR,267,0.0,0.0,
5181,DATE+,12709,12715,1 2013,267,0.0,0.0,
5182,DATE+,12753,12759,3 JAAR,267,0.0,0.0,
5183,DATE+,12779,12785,1 2013,267,0.0,0.0,
5184,DATE+,12851,12857,1 2013,267,0.0,0.0,
5185,DATE+,12923,12929,2 2013,267,0.0,0.0,
5186,DATE+,12983,12987,2013,267,0.0,0.0,
5187,DATE+,13030,13036,1 2013,267,0.0,0.0,
5188,DATE+,13083,13087,2013,267,0.0,0.0,
5189,DATE+,13118,13124,1 JAAR,267,0.0,0.0,
5190,DATE+,13135,13141,1 2013,267,0.0,0.0,
5191,DATE+,13172,13178,1 JAAR,267,0.0,0.0,
5192,DATE+,13193,13197,2013,267,0.0,0.0,
5193,DATE+,13230,13234,2013,267,0.0,0.0,
5194,DATE+,13258,13266,216 2014,267,0.0,0.0,
5195,DATE+,13332,13338,3 2014,267,0.0,0.0,
5196,DATE+,13392,13396,2014,267,0.0,0.0,
5197,DATE+,13443,13447,2014,267,0.0,0.0,
5198,DATE+,13509,13513,2014,267,0.0,0.0,
5199,DATE+,13544,13550,1 JAAR,267,0.0,0.0,
5200,DATE+,13565,13569,2014,267,0.0,0.0,
5201,DATE+,13602,13606,2014,267,0.0,0.0,
5202,DATE+,13646,13650,2014,267,0.0,0.0,
5203,DATE+,13674,13682,220 2015,267,0.0,0.0,
5204,DATE+,13720,13726,3 JAAR,267,0.0,0.0,
5205,DATE+,13746,13752,2 2015,267,0.0,0.0,
5206,DATE+,13818,13824,1 2015,267,0.0,0.0,
5207,DATE+,13878,13882,2015,267,0.0,0.0,
5208,DATE+,13927,13931,2015,267,0.0,0.0,
5209,DATE+,13978,13982,2015,267,0.0,0.0,
5210,DATE+,14044,14048,2015,267,0.0,0.0,
5211,DATE+,14079,14085,1 JAAR,267,0.0,0.0,
5212,DATE+,14098,14102,2015,267,0.0,0.0,
5213,DATE+,14133,14139,1 JAAR,267,0.0,0.0,
5214,DATE+,14154,14158,2015,267,0.0,0.0,
5215,DATE+,14191,14195,2015,267,0.0,0.0,
5216,DATE+,14223,14227,2016,267,0.0,0.0,
5217,DATE+,14265,14271,3 JAAR,267,0.0,0.0,
5218,DATE+,14291,14297,2 2016,267,0.0,0.0,
5219,DATE+,14363,14369,1 2016,267,0.0,0.0,
5220,DATE+,14435,14441,1 2016,267,0.0,0.0,
5221,DATE+,14495,14499,2016,267,0.0,0.0,
5222,DATE+,14544,14548,2016,267,0.0,0.0,
5223,DATE+,14595,14599,2016,267,0.0,0.0,
5224,DATE+,14630,14636,1 JAAR,267,0.0,0.0,
5225,DATE+,14649,14653,2016,267,0.0,0.0,
5226,DATE+,14684,14690,1 JAAR,267,0.0,0.0,
5227,DATE+,14737,14745,141 2016,267,0.0,0.0,
5228,DATE+,14773,14777,2017,267,0.0,0.0,
5229,DATE+,14815,14821,3 JAAR,267,0.0,0.0,
5230,DATE+,14841,14847,1 2017,267,0.0,0.0,
5231,DATE+,14913,14919,3 2017,267,0.0,0.0,
5232,DATE+,14985,14991,1 2017,267,0.0,0.0,
5233,DATE+,15045,15049,2017,267,0.0,0.0,
5234,DATE+,15094,15098,2017,267,0.0,0.0,
5235,DATE+,15145,15149,2017,267,0.0,0.0,
5236,DATE+,15211,15215,2017,267,0.0,0.0,
5237,DATE+,15246,15252,1 JAAR,267,0.0,0.0,
5238,DATE+,15265,15269,2017,267,0.0,0.0,
5239,DATE+,15300,15306,1 JAAR,267,0.0,0.0,
5240,DATE+,15321,15325,2017,267,0.0,0.0,
5241,DATE+,15358,15362,2017,267,0.0,0.0,
5242,DATE+,15390,15394,2018,267,0.0,0.0,
5243,DATE+,15460,15466,5 2018,267,0.0,0.0,
5244,DATE+,15520,15524,2018,267,0.0,0.0,
5245,DATE+,15569,15573,2018,267,0.0,0.0,
5246,DATE+,15620,15624,2018,267,0.0,0.0,
5247,DATE+,15686,15690,2018,267,0.0,0.0,
5248,DATE+,15721,15727,1 JAAR,267,0.0,0.0,
5249,DATE+,15740,15744,2018,267,0.0,0.0,
5250,DATE+,15775,15781,1 JAAR,267,0.0,0.0,
5251,DATE+,15796,15800,2018,267,0.0,0.0,
5252,DATE+,15833,15837,2018,267,0.0,0.0,
5253,DATE+,15865,15869,2019,267,0.0,0.0,
5254,DATE+,15935,15941,2 2019,267,0.0,0.0,
5255,DATE+,16007,16013,1 2019,267,0.0,0.0,
5256,DATE+,16067,16071,2020,267,0.0,0.0,
5257,DATE+,16137,16143,2 2020,267,0.0,0.0,
5258,DATE+,16209,16215,1 2020,267,0.0,0.0,
5259,DATE+,16344,16348,2021,267,0.0,0.0,
5260,DATE+,16397,16401,2021,267,0.0,0.0,
5261,DATE+,16463,16467,2021,267,0.0,0.0,
5313,DATE+,640,653,29 april 2022,74,0.0,0.0,
5314,DATE+,1328,1332,2001,74,0.0,0.0,
5315,DATE+,1362,1366,2001,74,0.0,0.0,
5316,DATE+,1476,1480,2001,74,0.0,0.0,
5317,DATE+,1678,1682,2001,74,0.0,0.0,
5318,DATE+,1823,1827,2001,74,0.0,0.0,
5319,DATE+,2007,2011,2001,74,0.0,0.0,
5320,DATE+,2369,2373,2001,74,0.0,0.0,
5321,DATE+,2506,2516,11-03-1953,74,0.0,0.0,
5322,DATE+,2577,2587,01-12-1954,74,0.0,0.0,
5323,DATE+,2680,2686,17-12-,74,0.0,0.0,
5324,DATE+,2687,2691,1997,74,0.0,0.0,
5325,DATE+,2769,2775,22 739,74,0.0,0.0,
5326,DATE+,2804,2814,06-06-1984,74,0.0,0.0,
5327,DATE+,3039,3049,14-08-1985,74,0.0,0.0,
5328,DATE+,3063,3071,1985/332,74,0.0,0.0,
5329,DATE+,3086,3096,04-01-1989,74,0.0,0.0,
5330,DATE+,3263,3273,20-09-1967,74,0.0,0.0,
5331,DATE+,3275,3281,261/67,74,0.0,0.0,
5332,DATE+,3425,3435,28-06-1989,74,0.0,0.0,
5333,DATE+,3553,3563,18-04-1990,74,0.0,0.0,
5334,DATE+,3774,3784,20-01-1989,74,0.0,0.0,
5335,DATE+,3798,3806,1990/172,74,0.0,0.0,
5336,DATE+,3963,3975,14 juni 1972,74,0.0,0.0,
5337,DATE+,3991,4006,23 januari 1957,74,0.0,0.0,
5338,DATE+,4026,4030,2001,74,0.0,0.0,
5339,DATE+,4090,4105,9 december 2011,74,0.0,0.0,
5340,DATE+,4429,4440,21 mei 1958,74,0.0,0.0,
5341,DATE+,4594,4605,6 juni 1995,74,0.0,0.0,
5342,DATE+,4804,4808,1941,74,0.0,0.0,
5343,DATE+,5225,5229,2001,74,0.0,0.0,
5344,DATE+,5481,5485,2001,74,0.0,0.0,
5345,DATE+,5503,5519,12 november 1975,74,0.0,0.0,
5346,DATE+,5576,5580,1964,74,0.0,0.0,
5347,DATE+,5827,5831,2001,74,0.0,0.0,
5348,DATE+,5967,5977,tien jaren,74,0.0,0.0,
5349,DATE+,6381,6387,27 209,74,0.0,0.0,
5350,DATE+,6609,6619,tien jaren,74,0.0,0.0,
5351,DATE+,7008,7012,2005,74,0.0,0.0,
5352,DATE+,7212,7216,2001,74,0.0,0.0,
5353,DATE+,7225,7229,2008,74,0.0,0.0,
5354,DATE+,7343,7358,9 december 2011,74,0.0,0.0,
5355,DATE+,7564,7579,9 december 2011,74,0.0,0.0,
5356,DATE+,7857,7872,9 december 2011,74,0.0,0.0,
5357,DATE+,8098,8102,2001,74,0.0,0.0,
5358,DATE+,8699,8703,2001,74,0.0,0.0,
5359,DATE+,8866,8876,tien jaren,74,0.0,0.0,
5360,DATE+,9276,9291,9 december 2011,74,0.0,0.0,
5361,DATE+,9432,9448,5 september 1986,74,0.0,0.0,
5362,DATE+,9469,9485,25 november 1998,74,0.0,0.0,
5363,DATE+,9506,9522,19 december 2003,74,0.0,0.0,
5364,DATE+,9681,9694,10 maart 2006,74,0.0,0.0,
5365,DATE+,9772,9785,10 maart 2006,74,0.0,0.0,
5366,DATE+,9843,9856,10 maart 2006,74,0.0,0.0,
5367,DATE+,9945,9960,9 december 2011,74,0.0,0.0,
5368,DATE+,10168,10172,2005,74,0.0,0.0,
5369,DATE+,10267,10282,9 december 2011,74,0.0,0.0,
5370,DATE+,10535,10547,3 april 1998,74,0.0,0.0,
5371,DATE+,10629,10645,13 december 2000,74,0.0,0.0,
5372,DATE+,10745,10760,9 december 2011,74,0.0,0.0,
5373,DATE+,10912,10927,5 december 2006,74,0.0,0.0,
5374,DATE+,10957,10972,5 december 2006,74,0.0,0.0,
5375,DATE+,11017,11028,10 mei 2004,74,0.0,0.0,
5376,DATE+,11078,11082,2004,74,0.0,0.0,
5377,DATE+,11104,11120,15 februari 2005,74,0.0,0.0,
5378,DATE+,11132,11136,2005,74,0.0,0.0,
5379,DATE+,11193,11209,13 december 2000,74,0.0,0.0,
5380,DATE+,11318,11322,2005,74,0.0,0.0,
5381,DATE+,11487,11491,2005,74,0.0,0.0,
5382,DATE+,11687,11702,9 december 2011,74,0.0,0.0,
5383,DATE+,11821,11836,9 december 2011,74,0.0,0.0,
5384,DATE+,11899,11912,10 maart 2006,74,0.0,0.0,
5385,DATE+,12007,12022,9 december 2011,74,0.0,0.0,
5386,DATE+,12116,12120,2001,74,0.0,0.0,
5387,DATE+,12717,12721,2001,74,0.0,0.0,
5388,DATE+,12884,12894,tien jaren,74,0.0,0.0,
5389,DATE+,13293,13308,9 december 2011,74,0.0,0.0,
5390,DATE+,13449,13465,5 september 1986,74,0.0,0.0,
5391,DATE+,13486,13502,25 november 1998,74,0.0,0.0,
5392,DATE+,13523,13539,19 december 2003,74,0.0,0.0,
5393,DATE+,13698,13711,10 maart 2006,74,0.0,0.0,
5394,DATE+,13789,13802,10 maart 2006,74,0.0,0.0,
5395,DATE+,13860,13873,10 maart 2006,74,0.0,0.0,
5396,DATE+,13961,13976,9 december 2011,74,0.0,0.0,
5397,DATE+,14184,14188,2005,74,0.0,0.0,
5398,DATE+,14283,14298,9 december 2011,74,0.0,0.0,
5399,DATE+,14697,14709,3 april 1998,74,0.0,0.0,
5400,DATE+,14791,14807,13 december 2000,74,0.0,0.0,
5401,DATE+,14907,14922,9 december 2011,74,0.0,0.0,
5402,DATE+,15074,15089,5 december 2006,74,0.0,0.0,
5403,DATE+,15119,15134,5 december 2006,74,0.0,0.0,
5404,DATE+,15179,15190,10 mei 2004,74,0.0,0.0,
5405,DATE+,15240,15244,2004,74,0.0,0.0,
5406,DATE+,15266,15282,15 februari 2005,74,0.0,0.0,
5407,DATE+,15294,15298,2005,74,0.0,0.0,
5408,DATE+,15355,15371,13 december 2000,74,0.0,0.0,
5409,DATE+,15480,15484,2005,74,0.0,0.0,
5410,DATE+,15648,15652,2005,74,0.0,0.0,
5411,DATE+,15848,15863,9 december 2011,74,0.0,0.0,
5412,DATE+,15982,15997,9 december 2011,74,0.0,0.0,
5413,DATE+,16060,16073,10 maart 2006,74,0.0,0.0,
5414,DATE+,16289,16303,1 januari 2018,74,0.0,0.0,
5415,DATE+,16414,16428,1 januari 2018,74,0.0,0.0,
5416,DATE+,16552,16566,1 januari 2018,74,0.0,0.0,
5417,DATE+,16758,16762,2017,74,0.0,0.0,
5418,DATE+,16837,16851,1 januari 2018,74,0.0,0.0,
5419,DATE+,16946,16950,2017,74,0.0,0.0,
5420,DATE+,17030,17044,1 januari 2018,74,0.0,0.0,
5421,DATE+,17099,17113,1 januari 2018,74,0.0,0.0,
5422,DATE+,17191,17205,1 januari 2018,74,0.0,0.0,
5423,DATE+,17418,17432,1 januari 2018,74,0.0,0.0,
5424,DATE+,17589,17600,2 juli 2015,74,0.0,0.0,
5425,DATE+,17722,17736,1 januari 2018,74,0.0,0.0,
5426,DATE+,17792,17800,augustus,74,0.0,0.0,
5427,DATE+,17992,18003,31 mei 2017,74,0.0,0.0,
5428,DATE+,18087,18101,1 januari 2018,74,0.0,0.0,
5429,DATE+,18272,18286,1 januari 2018,74,0.0,0.0,
5430,DATE+,18319,18333,1 januari 2018,74,0.0,0.0,
5431,DATE+,18387,18401,1 januari 2018,74,0.0,0.0,
5432,DATE+,18584,18598,1 januari 2018,74,0.0,0.0,
5433,DATE+,18775,18779,2017,74,0.0,0.0,
5434,DATE+,18853,18857,2017,74,0.0,0.0,
5435,DATE+,19117,19128,2 juli 2015,74,0.0,0.0,
5436,DATE+,19217,19221,2017,74,0.0,0.0,
5437,DATE+,19252,19256,2018,74,0.0,0.0,
5438,DATE+,19307,19311,2017,74,0.0,0.0,
5439,DATE+,19340,19344,2017,74,0.0,0.0,
5440,DATE+,19390,19404,1 januari 2018,74,0.0,0.0,
5441,DATE+,19568,19572,2018,74,0.0,0.0,
5442,DATE+,19665,19669,2018,74,0.0,0.0,
5443,DATE+,19699,19703,2018,74,0.0,0.0,
5444,DATE+,19840,19854,1 januari 2018,74,0.0,0.0,
5445,DATE+,19921,19936,15 januari 2018,74,0.0,0.0,
5446,DATE+,20051,20065,1 januari 2018,74,0.0,0.0,
5447,DATE+,20136,20147,2 juli 2015,74,0.0,0.0,
5448,DATE+,20222,20236,1 januari 2018,74,0.0,0.0,
5449,DATE+,20402,20413,2 juli 2015,74,0.0,0.0,
5450,DATE+,20446,20454,augustus,74,0.0,0.0,
5451,DATE+,20646,20657,31 mei 2017,74,0.0,0.0,
5452,DATE+,20734,20745,2 juli 2015,74,0.0,0.0,
5453,DATE+,20749,20763,1 januari 2018,74,0.0,0.0,
5454,DATE+,21140,21144,2017,74,0.0,0.0,
5455,DATE+,21213,21224,2 juli 2015,74,0.0,0.0,
5456,DATE+,21362,21377,9 december 2009,74,0.0,0.0,
5457,DATE+,114,118,2022,117,0.0,0.0,
5460,DATE+,541,545,2019,117,0.0,0.0,
5461,DATE+,820,837,20 september 2019,117,0.0,0.0,
5465,DATE+,1285,1289,2019,117,0.0,0.0,
5466,DATE+,142,149,1 april,2,1.0,1.0,1 april 2022
5467,DATE+,150,154,2022,2,1.0,1.0,1 april 2022
5469,DATE+,613,617,2010,2,1.0,0.0,2010 t/m 2020
5470,DATE+,622,626,2020,2,1.0,0.0,2010 t/m 2020
5472,DATE+,814,818,2022,2,0.0,0.0,
5473,DATE+,1049,1053,2022,2,0.0,0.0,
5474,DATE+,1238,1242,2022,2,0.0,0.0,
5475,DATE+,1338,1350,1 april 2022,2,0.0,0.0,
5476,DATE+,1412,1416,2022,2,0.0,0.0,
5477,DATE+,1630,1634,2022,2,0.0,0.0,
5478,DATE+,1938,1942,2022,2,0.0,0.0,
5479,DATE+,2162,2166,2022,2,0.0,0.0,
5480,DATE+,2299,2311,1 april 2022,2,0.0,0.0,
5481,DATE+,2490,2494,2010,2,0.0,0.0,
5482,DATE+,2511,2515,2011,2,0.0,0.0,
5483,DATE+,2525,2533,462 1122,2,0.0,0.0,
5484,DATE+,2534,2538,2012,2,0.0,0.0,
5485,DATE+,2557,2561,2013,2,0.0,0.0,
5486,DATE+,2572,2580,694 1725,2,0.0,0.0,
5487,DATE+,2581,2585,2014,2,0.0,0.0,
5488,DATE+,2594,2600,83 242,2,0.0,0.0,
5489,DATE+,2601,2605,2015,2,0.0,0.0,
5490,DATE+,2623,2627,2016,2,0.0,0.0,
5491,DATE+,2641,2649,906 2017,2,0.0,0.0,
5492,DATE+,2663,2671,414 2018,2,0.0,0.0,
5493,DATE+,2681,2689,404 1030,2,0.0,0.0,
5494,DATE+,2690,2694,2019,2,0.0,0.0,
5495,DATE+,2707,2715,382 2020,2,0.0,0.0,
5496,DATE+,2725,2732,393 814,2,0.0,0.0,
5500,DATE+,842,859,22 september 2022,81,0.0,0.0,
5501,DATE+,1184,1201,22 september 2022,81,0.0,0.0,
5502,DATE+,1376,1386,28-04-2017,81,0.0,0.0,
5503,DATE+,1451,1460,26-6-2017,81,0.0,0.0,
5504,DATE+,1503,1513,27-05-2019,81,0.0,0.0,
5505,DATE+,1576,1586,10-10-2019,81,0.0,0.0,
5506,DATE+,1651,1661,28-10-2019,81,0.0,0.0,
5511,DATE+,75,87,januari 2022,101,1.0,0.0,16 januari 2022
5519,DATE+,305,321,25 februari 2020,65,1.0,0.0,25 februari 2020 tot en met 9 december 2021
5520,DATE+,333,348,9 december 2021,65,1.0,0.0,25 februari 2020 tot en met 9 december 2021
5530,DATE+,795,811,16 februari 2011,50,0.0,0.0,
5532,DATE+,104,111,22-0097,57,0.0,0.0,
5535,DATE+,373,377,2021,57,0.0,0.0,
5536,DATE+,581,585,2021,57,0.0,0.0,
5537,DATE+,635,639,2021,57,0.0,0.0,
5541,DATE+,1096,1100,2021,57,0.0,0.0,
5542,DATE+,1165,1172,22-0097,57,0.0,0.0,
5543,DATE+,1328,1332,2021,57,0.0,0.0,
5544,DATE+,1424,1428,2021,57,0.0,0.0,
5546,DATE+,1864,1871,22-0097,57,0.0,0.0,
5549,DATE+,332,342,22-0267Woo,59,0.0,0.0,
5553,DATE+,737,741,2014,59,0.0,0.0,
5554,DATE+,1022,1026,2014,59,0.0,0.0,
5557,DATE+,1342,1354,21 juni 2022,59,0.0,0.0,
5558,DATE+,1429,1436,22-0267,59,0.0,0.0,
5561,DATE+,1680,1685,"100,-",59,0.0,0.0,
5564,DATE+,2263,2270,22-0267,59,0.0,0.0,
5565,DATE+,81,90,12-5-2022,93,0.0,0.0,
5566,DATE+,115,128,12 april 2022,93,0.0,0.0,
5571,DATE+,944,955,24 mei 2022,93,0.0,0.0,
5573,DATE+,1255,1259,2017,93,0.0,0.0,
5574,DATE+,1294,1298,2019,93,0.0,0.0,
5575,DATE+,1726,1732,34 775,93,0.0,0.0,
5577,DATE+,238,250,13 juli 2022,122,0.0,0.0,
5578,DATE+,255,265,6 mei 2022,122,0.0,0.0,
5580,DATE+,479,491,1 april 2022,122,1.0,0.0,1 april 2022 tot en met 6 mei 2022
5581,DATE+,503,513,6 mei 2022,122,1.0,0.0,1 april 2022 tot en met 6 mei 2022
5598,DATE+,338,349,27 augustus,102,0.0,0.0,
5600,DATE+,445,449,2011,102,1.0,0.0,2011 tot heden
5603,DATE+,756,760,2011,102,0.0,0.0,
5605,DATE+,966,981,25 oktober 2021,102,0.0,0.0,
5762,DATE+,92,107,31 januari 2022,105,0.0,0.0,
5769,DATE+,836,851,31 januari 2022,105,0.0,0.0,
5770,DATE+,951,959,22/12/21,105,0.0,0.0,
5771,DATE+,1035,1043,16/12/21,105,0.0,0.0,
5772,DATE+,83,100,09 september 2022,34,0.0,0.0,
5775,DATE+,444,459,45 miljoen euro,34,0.0,0.0,
5776,DATE+,538,551,augustus 2022,34,0.0,0.0,
5779,DATE+,852,868,25 augustus 2022,34,0.0,0.0,
5780,DATE+,989,1006,14 september 2022,34,0.0,0.0,
5781,DATE+,1102,1118,25 augustus 2022,34,0.0,0.0,
5785,DATE+,427,441,1 januari 2021,87,1.0,0.0,1 januari 2021 tot 7 oktober 2021
5786,DATE+,446,460,7 oktober 2021,87,1.0,0.0,1 januari 2021 tot 7 oktober 2021
5792,DATE+,1003,1018,21 januari 2022,87,0.0,0.0,
5794,DATE+,1150,1163,10 maart 2022,87,1.0,1.0,9 en 10 maart 2022
5853,DATE+,480,484,2018,45,1.0,0.0,2018 tot en met 4 maart 2021
5854,DATE+,496,508,4 maart 2021,45,1.0,0.0,2018 tot en met 4 maart 2021
5855,DATE+,597,603,1/2005,45,0.0,0.0,
5858,DATE+,788,801,27 april 2021,45,0.0,0.0,
5884,DATE+,86,88,50,28,0.0,0.0,
5889,DATE+,862,873,24 mei 2022,28,0.0,0.0,
5891,DATE+,1084,1096,22 juni 2022,28,0.0,0.0,
5894,DATE+,1317,1327,1 mei 2022,28,0.0,0.0,
5896,DATE+,321,336,9 februari 2017,95,0.0,0.0,
5897,DATE+,488,492,2016,95,0.0,0.0,
5901,DATE+,1178,1193,9 februari 2017,95,0.0,0.0,
5902,DATE+,1280,1292,januari 2022,95,0.0,0.0,
5903,DATE+,1298,1305,1 maart,95,0.0,0.0,
5904,DATE+,1306,1310,2017,95,0.0,0.0,
5905,DATE+,1403,1415,januari 2022,95,0.0,0.0,
5906,DATE+,1421,1434,14 maart 2017,95,0.0,0.0,
5907,DATE+,1521,1534,15 maart 2017,95,0.0,0.0,
5908,DATE+,1632,1645,24 april 2017,95,0.0,0.0,
5909,DATE+,1732,1744,januari 2022,95,0.0,0.0,
5910,DATE+,1750,1763,25 april 2017,95,0.0,0.0,
5911,DATE+,1860,1872,januari 2022,95,0.0,0.0,
5912,DATE+,1877,1890,25 april 2017,95,0.0,0.0,
5913,DATE+,1966,1977,21 mei 2014,95,0.0,0.0,
5914,DATE+,1991,2004,25 april 2017,95,0.0,0.0,
5915,DATE+,2076,2087,21 mei 2014,95,0.0,0.0,
5916,DATE+,2101,2114,25 april 2017,95,0.0,0.0,
5917,DATE+,2199,2205,21 mei,95,0.0,0.0,
5918,DATE+,2219,2223,2014,95,0.0,0.0,
5919,DATE+,2231,2244,25 april 2017,95,0.0,0.0,
5920,DATE+,2345,2357,januari 2022,95,0.0,0.0,
5921,DATE+,2369,2381,10 juni 2015,95,0.0,0.0,
5922,DATE+,2388,2399,15 mei 2017,95,0.0,0.0,
5923,DATE+,2492,2503,24 mei 2017,95,0.0,0.0,
5924,DATE+,2579,2590,31 augustus,95,0.0,0.0,
5925,DATE+,2685,2689,2017,95,0.0,0.0,
5926,DATE+,2707,2720,augustus 2017,95,0.0,0.0,
5927,DATE+,2728,2739,5 september,95,0.0,0.0,
5928,DATE+,2834,2838,2017,95,0.0,0.0,
5929,DATE+,2857,2868,6 september,95,0.0,0.0,
5930,DATE+,2966,2970,2017,95,0.0,0.0,
5931,DATE+,2999,3010,15 december,95,0.0,0.0,
5932,DATE+,3112,3126,2017Productie3,95,0.0,0.0,
5933,DATE+,3241,3247,267 70,95,0.0,0.0,
5934,DATE+,4241,4248,201I7ng,95,0.0,0.0,
5935,DATE+,4368,4384,e-l1lllllberlcht,95,0.0,0.0,
5936,DATE+,4565,4570,"8,M1H",95,0.0,0.0,
5937,DATE+,5085,5090,"8,M1H",95,0.0,0.0,
5938,DATE+,5355,5359,0121,95,0.0,0.0,
5939,DATE+,5535,5541,0 1400,95,0.0,0.0,
5940,DATE+,5554,5568,1800 1900 200•,95,0.0,0.0,
5941,DATE+,5604,5608,"0,92",95,0.0,0.0,
5942,DATE+,5779,5784,1 217,95,0.0,0.0,
5943,DATE+,5920,5923,8NT,95,0.0,0.0,
5944,DATE+,6092,6100,100 2003,95,0.0,0.0,
5945,DATE+,6139,6144,22 21,95,0.0,0.0,
5946,DATE+,6148,6153,17 16,95,0.0,0.0,
5947,DATE+,6163,6178,24 25 1200 1300,95,0.0,0.0,
5948,DATE+,6179,6183,1409,95,0.0,0.0,
5949,DATE+,6274,6278,2I09,95,0.0,0.0,
5950,DATE+,6334,6339,15 16,95,0.0,0.0,
5951,DATE+,6340,6348,"16 18,52",95,0.0,0.0,
5952,DATE+,7123,7127,4lS9,95,0.0,0.0,
5953,DATE+,7276,7283,dinsdag,95,0.0,0.0,
5954,DATE+,7396,7408,1Productie1A,95,0.0,0.0,
5955,DATE+,7555,7558,ne8,95,0.0,0.0,
5956,DATE+,7679,7681,1V,95,0.0,0.0,
5957,DATE+,7897,7905,125JlKLA,95,0.0,0.0,
5958,DATE+,8768,8772,2013,95,0.0,0.0,
5959,DATE+,8901,8905,20'7,95,0.0,0.0,
5960,DATE+,9095,9099,2017,95,0.0,0.0,
5961,DATE+,9137,9148,15d ecember,95,0.0,0.0,
5962,DATE+,9149,9153,2017,95,0.0,0.0,
5963,DATE+,9384,9400,9f ebr2u0a1gr7ei,95,0.0,0.0,
5964,DATE+,9428,9434,5 1049,95,0.0,0.0,
5965,DATE+,11347,11356,24mel2017,95,0.0,0.0,
5966,DATE+,11399,11405,11ln11,95,0.0,0.0,
5967,DATE+,11406,11418,15d ecember2,95,0.0,0.0,
5968,DATE+,11782,11785,"3,D",95,0.0,0.0,
5969,DATE+,12453,12456,5 n,95,0.0,0.0,
5970,DATE+,12492,12506,"1r,1mcmhv!9eot",95,0.0,0.0,
5971,DATE+,13492,13496,2017,95,0.0,0.0,
5972,DATE+,13863,13867,nn·u,95,0.0,0.0,
5973,DATE+,14143,14147,2008,95,0.0,0.0,
5974,DATE+,14295,14301,200d8i,95,0.0,0.0,
5975,DATE+,14443,14448,0e3ne,95,0.0,0.0,
5976,DATE+,15176,15178,2w,95,0.0,0.0,
5977,DATE+,15360,15364,1M8H,95,0.0,0.0,
5978,DATE+,15899,15904,2van6,95,0.0,0.0,
5979,DATE+,16010,16013,2w3,95,0.0,0.0,
5980,DATE+,16427,16432,"280,0",95,0.0,0.0,
5981,DATE+,16524,16529,"150,0",95,0.0,0.0,
5982,DATE+,16841,16852,15d ecember,95,0.0,0.0,
5983,DATE+,16853,16857,2017,95,0.0,0.0,
5984,DATE+,16877,16883,3v a6n,95,0.0,0.0,
5985,DATE+,17153,17155,•1,95,0.0,0.0,
5986,DATE+,17168,17170,1•,95,0.0,0.0,
5987,DATE+,17451,17460,"2,0 280,0",95,0.0,0.0,
5988,DATE+,17519,17524,"150,0",95,0.0,0.0,
5989,DATE+,17539,17544,"150,0",95,0.0,0.0,
5990,DATE+,17891,17902,15d ecember,95,0.0,0.0,
5991,DATE+,17903,17907,2017,95,0.0,0.0,
5992,DATE+,18000,18008,006E3001,95,0.0,0.0,
5993,DATE+,18013,18018,13m8e,95,0.0,0.0,
5994,DATE+,18194,18197,J1H,95,0.0,0.0,
5995,DATE+,18293,18301,90 meter,95,0.0,0.0,
5996,DATE+,18408,18413,"210,0",95,0.0,0.0,
5997,DATE+,18760,18762,1•,95,0.0,0.0,
5998,DATE+,18981,18994,"2,0 220,0 2,0",95,0.0,0.0,
5999,DATE+,19081,19084,"4,Q",95,0.0,0.0,
6000,DATE+,19204,19205,>,95,0.0,0.0,
6001,DATE+,19223,19228,"170,0",95,0.0,0.0,
6002,DATE+,19323,19327,eI n,95,0.0,0.0,
6003,DATE+,19702,19718,nI TUS-MR1 268-3,95,0.0,0.0,
6004,DATE+,19789,19794,4 1Î4,95,0.0,0.0,
6005,DATE+,19890,19895,268-3,95,0.0,0.0,
6006,DATE+,20262,20290,15d eçem2b0e1r7 OOsSlemummer,95,0.0,0.0,
6007,DATE+,20619,20621,1I,95,0.0,0.0,
6010,DATE+,573,577,2014,113,0.0,0.0,
6011,DATE+,756,768,8 april 2022,113,0.0,0.0,
6012,DATE+,878,889,12 mei 2022,113,0.0,0.0,
6014,DATE+,1040,1052,22 juni 2022,113,0.0,0.0,
6015,DATE+,85,93,379 8911,6,0.0,0.0,
6017,DATE+,139,154,28 oktober 2021,6,0.0,0.0,
6020,DATE+,636,650,1 januari 2020,6,1.0,0.0,1 januari 2020 – 27 oktober 2021
6021,DATE+,653,668,27 oktober 2021,6,1.0,0.0,1 januari 2020 – 27 oktober 2021
6023,DATE+,856,872,23 december 2021,6,0.0,0.0,
6024,DATE+,888,909,donderdag 25 november,6,1.0,1.0,donderdag 25 november jl
6025,DATE+,1146,1157,10 december,6,1.0,1.0,10 december jl
6026,DATE+,1532,1536,2021,6,0.0,0.0,
6027,DATE+,1544,1555,17 december,6,1.0,1.0,17 december jl en op 25 januari jl
6028,DATE+,1565,1575,25 januari,6,1.0,1.0,17 december jl en op 25 januari jl
6029,DATE+,1689,1699,18 januari,6,1.0,1.0,18 januari jl en op 14 februari jl
6030,DATE+,1709,1720,14 februari,6,1.0,1.0,18 januari jl en op 14 februari jl
6031,DATE+,1778,1788,14-04-2020,6,0.0,0.0,
6032,DATE+,1995,1999,2020,6,0.0,0.0,
6033,DATE+,2109,2116,03 2020,6,0.0,0.0,
6034,DATE+,2155,2165,12-02-2021,6,0.0,0.0,
6035,DATE+,2185,2189,2020,6,0.0,0.0,
6036,DATE+,2242,2252,05-03-2021,6,0.0,0.0,
6037,DATE+,2303,2308,31 Q3,6,0.0,0.0,
6038,DATE+,2329,2339,26-05-2021,6,0.0,0.0,
6039,DATE+,2435,2439,2020,6,0.0,0.0,
6040,DATE+,2512,2523,18 augustus,6,0.0,0.0,
6041,DATE+,2531,2535,2021,6,0.0,0.0,
6042,DATE+,2566,2576,11-08-2021,6,0.0,0.0,
6043,DATE+,2648,2658,18-08-2021,6,0.0,0.0,
6044,DATE+,2740,2744,2020,6,0.0,0.0,
6045,DATE+,2752,2762,27-08-2021,6,0.0,0.0,
6046,DATE+,2858,2862,2021,6,0.0,0.0,
6047,DATE+,2870,2880,07-09-2021,6,0.0,0.0,
6048,DATE+,2945,2954,september,6,0.0,0.0,
6049,DATE+,2985,2995,24-09-2021,6,0.0,0.0,
6050,DATE+,3065,3077,29 september,6,0.0,0.0,
6051,DATE+,3096,3106,27-09-2021,6,0.0,0.0,
6052,DATE+,3161,3170,5 oktober,6,0.0,0.0,
6053,DATE+,3178,3182,2021,6,0.0,0.0,
6054,DATE+,3208,3218,05-10-2021,6,0.0,0.0,
6055,DATE+,3317,3321,2020,6,0.0,0.0,
6056,DATE+,3328,3332,2021,6,0.0,0.0,
6057,DATE+,3340,3350,13-10-2021,6,0.0,0.0,
6058,DATE+,3545,3555,18-10-2021,6,0.0,0.0,
6059,DATE+,3783,3787,2020,6,0.0,0.0,
6060,DATE+,3794,3798,2021,6,0.0,0.0,
6061,DATE+,3815,3826,2-Wijziging,6,0.0,0.0,
6062,DATE+,140,144,2022,94,0.0,0.0,
6064,DATE+,323,327,2020,94,0.0,0.0,
6066,DATE+,632,644,17 juni 2022,94,1.0,1.0,17 juni 2022 en 22 juni 2022
6067,DATE+,648,660,22 juni 2022,94,1.0,1.0,17 juni 2022 en 22 juni 2022
6069,DATE+,775,786,8 juli 2022,94,0.0,0.0,
6071,DATE+,927,939,22 juli 2022,94,0.0,0.0,
6072,DATE+,1035,1039,2013,94,0.0,0.0,
6073,DATE+,101,108,42 5708,18,0.0,0.0,
6077,DATE+,644,659,17 januari 2022,18,0.0,0.0,
6079,DATE+,759,774,27 januari 2022,18,0.0,0.0,
6080,DATE+,908,921,13 maart 2019,18,0.0,0.0,
6108,DATE+,457,474,28 september 2022,63,0.0,0.0,
6109,DATE+,947,951,2017,63,0.0,0.0,
6110,DATE+,1067,1071,2017,63,0.0,0.0,
6111,DATE+,1185,1202,28 september 2022,63,0.0,0.0,
6112,DATE+,88,104,17 februari 2022,110,0.0,0.0,
6115,DATE+,288,292,2001,110,0.0,0.0,
6117,DATE+,565,569,2001,110,0.0,0.0,
6118,DATE+,744,748,2001,110,0.0,0.0,
6119,DATE+,100,104,1087,32,0.0,0.0,
6122,DATE+,810,822,28 juli 2022,32,0.0,0.0,
6123,DATE+,156,164,450 9700,111,0.0,0.0,
6124,DATE+,239,247,450 9700,111,0.0,0.0,
6125,DATE+,283,295,050 587 7444,111,0.0,0.0,
6126,DATE+,341,345,2022,111,0.0,0.0,
6130,DATE+,906,914,n5Bijl1a,111,0.0,0.0,
6131,DATE+,1569,1580,6J-22§-ZQ2l,111,0.0,0.0,
6132,DATE+,1759,1766,86W0B1S,111,0.0,0.0,
6133,DATE+,2552,2556,1175,111,0.0,0.0,
6134,DATE+,3658,3669,202z2qa nan,111,0.0,0.0,
6135,DATE+,3707,3712,jkdeJ,111,0.0,0.0,
6136,DATE+,4086,4089,1•U,111,0.0,0.0,
6137,DATE+,4276,4283,ETWIRK•,111,0.0,0.0,
6138,DATE+,4533,4538,562kW,111,0.0,0.0,
6139,DATE+,4702,4709,"21at ,,",111,0.0,0.0,
6140,DATE+,4834,4836,1U,111,0.0,0.0,
6141,DATE+,4962,4972,elviejnk9t,111,0.0,0.0,
6142,DATE+,5066,5071,006E1,111,0.0,0.0,
6143,DATE+,5082,5089,52N1049,111,0.0,0.0,
6144,DATE+,5150,5155,"6,'71",111,0.0,0.0,
6145,DATE+,5172,5176,21HO,111,0.0,0.0,
6146,DATE+,5228,5229,>,111,0.0,0.0,
6147,DATE+,5358,5362,1-JH,111,0.0,0.0,
6148,DATE+,5924,5925,>,111,0.0,0.0,
6149,DATE+,6523,6531,8 833V2A,111,0.0,0.0,
6150,DATE+,6825,6830,9i00A,111,0.0,0.0,
6151,DATE+,7301,7303,2j,111,0.0,0.0,
6152,DATE+,7525,7527,1Z,111,0.0,0.0,
6153,DATE+,7955,7960,0CtNM,111,0.0,0.0,
6154,DATE+,8034,8037,2L0,111,0.0,0.0,
6155,DATE+,8329,8336,2j u2D0,111,0.0,0.0,
6156,DATE+,8699,8707,587 7444,111,0.0,0.0,
6157,DATE+,8712,8720,5MvHaznN,111,0.0,0.0,
6158,DATE+,8781,8785,2003,111,0.0,0.0,
6170,DATE+,109,117,489 0000,55,0.0,0.0,
6171,DATE+,171,177,7·0JUN,55,0.0,0.0,
6172,DATE+,178,182,2022,55,0.0,0.0,
6173,DATE+,289,300,22·0032/WOO,55,0.0,0.0,
6176,DATE+,612,623,22-0032/Woo,55,0.0,0.0,
6179,DATE+,869,879,1 mei 2022,55,0.0,0.0,
6180,DATE+,891,902,22·0032/Woo,55,0.0,0.0,
6181,DATE+,1153,1163,1 mei 2022,55,0.0,0.0,
6182,DATE+,1202,1212,1 mei 2022,55,0.0,0.0,
6183,DATE+,1325,1336,S juni 2013,55,0.0,0.0,
6184,DATE+,1482,1493,22-0032/Woo,55,0.0,0.0,
6185,DATE+,1739,1752,12 maart 2021,55,0.0,0.0,
6186,DATE+,1796,1809,14 maart 2021,55,0.0,0.0,
6187,DATE+,1936,1947,22-0032/Woo,55,0.0,0.0,
6192,DATE+,621,635,1 januari 2021,84,1.0,0.0,1 januari 2021 en 28 december 2021
6193,DATE+,639,655,28 december 2021,84,1.0,0.0,1 januari 2021 en 28 december 2021
6194,DATE+,718,734,25 augustus 2022,84,0.0,0.0,
6195,DATE+,784,800,25 augustus 2022,84,0.0,0.0,
6196,DATE+,87,102,17 januari 2021,107,0.0,0.0,
6199,DATE+,491,501,36 maanden,107,0.0,0.0,
6201,DATE+,834,847,15 maart 2021,107,0.0,0.0,
6202,DATE+,111,126,1 augustus 2021,114,0.0,0.0,
6206,DATE+,505,521,27 augustus 2021,114,0.0,0.0,
6218,DATE+,260,268,379 8911,109,0.0,0.0,
6220,DATE+,456,471,26 januari 2022,109,0.0,0.0,
6223,DATE+,932,945,23 maart 2022,109,0.0,0.0,
6224,DATE+,953,961,29 maart,109,1.0,1.0,29 maart jl
6225,DATE+,1172,1188,23 november 2005,109,0.0,0.0,
6245,DATE+,149,153,0880,78,0.0,0.0,
6248,DATE+,606,610,2015,78,1.0,0.0,2015 tot en met 2022
6249,DATE+,622,626,2022,78,1.0,0.0,2015 tot en met 2022
6252,DATE+,880,895,12 oktober 2022,78,0.0,0.0,
6253,DATE+,1110,1125,12 oktober 2022,78,0.0,0.0,
6254,DATE+,1309,1329,Datum12 oktober 2022,78,0.0,0.0,
6257,DATE+,325,329,2019,11,0.0,0.0,
6258,DATE+,398,402,1250,11,0.0,0.0,
6260,DATE+,567,574,20-0875,11,0.0,0.0,
6262,DATE+,751,767,31 december 2023,11,0.0,0.0,
6269,DATE+,171,178,20 juni,37,1.0,1.0,20 juni 2022
6273,DATE+,141,149,489 0000,42,0.0,0.0,
6274,DATE+,176,180,2022,42,1.0,1.0,20-JAN 2022
6279,DATE+,954,965,5 juni 2013,42,0.0,0.0,
6289,DATE+,643,653,jaren 1989,77,0.0,0.0,
6290,DATE+,686,690,1989,77,0.0,0.0,
6292,DATE+,944,952,11 maart,77,0.0,0.0,
6293,DATE+,953,957,2022,77,0.0,0.0,
6294,DATE+,1088,1101,11 maart 2022,77,0.0,0.0,
6295,DATE+,1184,1192,11 maart,77,0.0,0.0,
6296,DATE+,1193,1197,2022,77,0.0,0.0,
6297,DATE+,2277,2290,11 maart 2022,77,0.0,0.0,
6298,DATE+,2495,2508,11 maart 2022,77,0.0,0.0,
6299,DATE+,2803,2816,11 maart 2022,77,0.0,0.0,
6300,DATE+,3064,3077,11 maart 2022,77,0.0,0.0,
6301,DATE+,3300,3304,1989,77,0.0,0.0,
6302,DATE+,3431,3435,1989,77,0.0,0.0,
6303,DATE+,4021,4022,>,77,0.0,0.0,
6304,DATE+,4097,4101,1990,77,0.0,0.0,
6305,DATE+,4609,4613,1991,77,0.0,0.0,
6306,DATE+,5080,5086,1 JAAR,77,0.0,0.0,
6307,DATE+,5335,5339,1992,77,0.0,0.0,
6308,DATE+,5669,5675,1 JAAR,77,0.0,0.0,
6309,DATE+,5825,5831,1 JAAR,77,0.0,0.0,
6310,DATE+,6100,6104,1993,77,0.0,0.0,
6311,DATE+,6562,6568,1 JAAR,77,0.0,0.0,
6312,DATE+,6821,6825,1994,77,0.0,0.0,
6313,DATE+,7175,7181,1 JAAR,77,0.0,0.0,
6314,DATE+,7465,7469,1995,77,0.0,0.0,
6315,DATE+,8040,8044,1996,77,0.0,0.0,
6316,DATE+,8561,8565,1997,77,0.0,0.0,
6317,DATE+,8973,8977,1998,77,0.0,0.0,
6318,DATE+,9285,9291,1 JAAR,77,0.0,0.0,
6319,DATE+,9562,9566,1999,77,0.0,0.0,
6320,DATE+,10021,10027,1 JAAR,77,0.0,0.0,
6321,DATE+,10264,10268,2000,77,0.0,0.0,
6322,DATE+,10679,10685,1 JAAR,77,0.0,0.0,
6323,DATE+,10955,10959,2001,77,0.0,0.0,
6324,DATE+,11414,11420,1 JAAR,77,0.0,0.0,
6325,DATE+,11691,11695,2002,77,0.0,0.0,
6326,DATE+,12083,12089,1 JAAR,77,0.0,0.0,
6327,DATE+,12292,12296,2003,77,0.0,0.0,
6328,DATE+,12750,12756,1 JAAR,77,0.0,0.0,
6329,DATE+,12958,12962,2004,77,0.0,0.0,
6330,DATE+,13252,13258,1 JAAR,77,0.0,0.0,
6331,DATE+,13600,13604,2005,77,0.0,0.0,
6332,DATE+,14125,14129,2006,77,0.0,0.0,
6333,DATE+,14223,14229,1 JAAR,77,0.0,0.0,
6334,DATE+,14293,14299,1 JAAR,77,0.0,0.0,
6335,DATE+,14738,14742,2007,77,0.0,0.0,
6336,DATE+,14836,14842,1 JAAR,77,0.0,0.0,
6337,DATE+,14906,14912,1 JAAR,77,0.0,0.0,
6338,DATE+,15382,15383,>,77,0.0,0.0,
6339,DATE+,15434,15435,>,77,0.0,0.0,
6340,DATE+,15568,15572,2008,77,0.0,0.0,
6341,DATE+,16056,16062,1 JAAR,77,0.0,0.0,
6342,DATE+,16281,16282,>,77,0.0,0.0,
6343,DATE+,16357,16361,2009,77,0.0,0.0,
6344,DATE+,16455,16461,1 JAAR,77,0.0,0.0,
6345,DATE+,16525,16531,1 JAAR,77,0.0,0.0,
6346,DATE+,16950,16951,>,77,0.0,0.0,
6347,DATE+,17026,17030,2010,77,0.0,0.0,
6348,DATE+,17124,17130,1 JAAR,77,0.0,0.0,
6349,DATE+,17479,17480,>,77,0.0,0.0,
6350,DATE+,17567,17571,2011,77,0.0,0.0,
6351,DATE+,17665,17671,1 JAAR,77,0.0,0.0,
6352,DATE+,17735,17741,1 JAAR,77,0.0,0.0,
6353,DATE+,18065,18071,3 JAAR,77,0.0,0.0,
6354,DATE+,18121,18127,3 JAAR,77,0.0,0.0,
6355,DATE+,18223,18227,2012,77,0.0,0.0,
6356,DATE+,18321,18327,1 JAAR,77,0.0,0.0,
6357,DATE+,18391,18397,1 JAAR,77,0.0,0.0,
6358,DATE+,18733,18739,3 JAAR,77,0.0,0.0,
6359,DATE+,18789,18795,3 JAAR,77,0.0,0.0,
6360,DATE+,18891,18895,2013,77,0.0,0.0,
6361,DATE+,18989,18995,1 JAAR,77,0.0,0.0,
6362,DATE+,19059,19065,1 JAAR,77,0.0,0.0,
6363,DATE+,19462,19468,3 JAAR,77,0.0,0.0,
6364,DATE+,19564,19568,2014,77,0.0,0.0,
6365,DATE+,19662,19668,1 JAAR,77,0.0,0.0,
6366,DATE+,19732,19738,1 JAAR,77,0.0,0.0,
6367,DATE+,20085,20091,3 JAAR,77,0.0,0.0,
6368,DATE+,20187,20191,2015,77,0.0,0.0,
6369,DATE+,20285,20291,1 JAAR,77,0.0,0.0,
6370,DATE+,20355,20361,1 JAAR,77,0.0,0.0,
6371,DATE+,20695,20701,3 JAAR,77,0.0,0.0,
6372,DATE+,20735,20741,3 JAAR,77,0.0,0.0,
6373,DATE+,20855,20859,2016,77,0.0,0.0,
6374,DATE+,20953,20959,1 JAAR,77,0.0,0.0,
6375,DATE+,21023,21029,1 JAAR,77,0.0,0.0,
6376,DATE+,21362,21368,3 JAAR,77,0.0,0.0,
6377,DATE+,21402,21408,3 JAAR,77,0.0,0.0,
6378,DATE+,21522,21526,2017,77,0.0,0.0,
6379,DATE+,21947,21953,3 JAAR,77,0.0,0.0,
6380,DATE+,22049,22053,2018,77,0.0,0.0,
6381,DATE+,22437,22443,3 JAAR,77,0.0,0.0,
6382,DATE+,22491,22497,3 JAAR,77,0.0,0.0,
6383,DATE+,22592,22596,2019,77,0.0,0.0,
6384,DATE+,22937,22943,3 JAAR,77,0.0,0.0,
6385,DATE+,22977,22983,3 JAAR,77,0.0,0.0,
6386,DATE+,23097,23101,2020,77,0.0,0.0,
6387,DATE+,23485,23491,3 JAAR,77,0.0,0.0,
6388,DATE+,23525,23531,3 JAAR,77,0.0,0.0,
6389,DATE+,23644,23648,2021,77,0.0,0.0,
6390,DATE+,24035,24041,3 JAAR,77,0.0,0.0,
6391,DATE+,24091,24097,3 JAAR,77,0.0,0.0,
6394,DATE+,314,318,1987,15,0.0,0.0,
6396,DATE+,559,569,jaren 1987,15,0.0,0.0,
6397,DATE+,574,578,1989,15,0.0,0.0,
6398,DATE+,634,638,1989,15,0.0,0.0,
6400,DATE+,953,969,23 februari 2022,15,0.0,0.0,
6401,DATE+,1050,1066,23 februari 2022,15,0.0,0.0,
6402,DATE+,1204,1220,23 februari 2022,15,0.0,0.0,
6403,DATE+,1316,1332,23 februari 2022,15,0.0,0.0,
6404,DATE+,2286,2302,23 februari 2022,15,0.0,0.0,
6405,DATE+,2547,2563,23 februari 2022,15,0.0,0.0,
6406,DATE+,2924,2940,23 februari 2022,15,0.0,0.0,
6407,DATE+,3056,3072,23 februari 2022,15,0.0,0.0,
6408,DATE+,3205,3221,23 februari 2022,15,0.0,0.0,
6409,DATE+,3336,3340,1987,15,0.0,0.0,
6410,DATE+,3345,3349,1997,15,0.0,0.0,
6411,DATE+,3395,3399,1998,15,0.0,0.0,
6412,DATE+,3404,3408,2021,15,0.0,0.0,
6413,DATE+,3459,3467,154 7482,15,0.0,0.0,
6414,DATE+,3509,3513,1987,15,0.0,0.0,
6415,DATE+,3517,3521,1988,15,0.0,0.0,
6416,DATE+,3568,3572,1989,15,0.0,0.0,
6417,DATE+,3632,3636,1110,15,0.0,0.0,
6418,DATE+,3666,3670,1990,15,0.0,0.0,
6419,DATE+,3764,3768,1991,15,0.0,0.0,
6420,DATE+,3862,3866,1992,15,0.0,0.0,
6421,DATE+,3977,3981,1993,15,0.0,0.0,
6422,DATE+,4041,4045,1050,15,0.0,0.0,
6423,DATE+,4075,4079,1994,15,0.0,0.0,
6424,DATE+,4139,4143,1050,15,0.0,0.0,
6425,DATE+,4173,4177,1995,15,0.0,0.0,
6426,DATE+,4237,4241,1050,15,0.0,0.0,
6427,DATE+,4271,4275,1996,15,0.0,0.0,
6428,DATE+,4335,4339,1025,15,0.0,0.0,
6429,DATE+,4369,4373,1997,15,0.0,0.0,
6430,DATE+,4433,4437,1025,15,0.0,0.0,
6431,DATE+,4550,4554,1998,15,0.0,0.0,
6432,DATE+,4602,4606,1998,15,0.0,0.0,
6433,DATE+,4672,4676,1998,15,0.0,0.0,
6434,DATE+,4714,4718,1999,15,0.0,0.0,
6435,DATE+,4766,4770,1999,15,0.0,0.0,
6436,DATE+,4808,4812,2000,15,0.0,0.0,
6437,DATE+,4891,4895,1050,15,0.0,0.0,
6438,DATE+,4896,4900,2000,15,0.0,0.0,
6439,DATE+,4938,4942,2001,15,0.0,0.0,
6440,DATE+,5021,5025,1050,15,0.0,0.0,
6441,DATE+,5026,5030,2001,15,0.0,0.0,
6442,DATE+,5068,5072,2002,15,0.0,0.0,
6443,DATE+,5119,5123,2002,15,0.0,0.0,
6444,DATE+,5162,5166,2002,15,0.0,0.0,
6445,DATE+,5210,5214,2003,15,0.0,0.0,
6446,DATE+,5261,5265,2003,15,0.0,0.0,
6447,DATE+,5303,5307,2003,15,0.0,0.0,
6448,DATE+,5351,5359,480 2003,15,0.0,0.0,
6449,DATE+,5403,5407,2004,15,0.0,0.0,
6450,DATE+,5450,5458,492 2004,15,0.0,0.0,
6451,DATE+,5496,5500,2004,15,0.0,0.0,
6452,DATE+,5544,5552,898 2004,15,0.0,0.0,
6453,DATE+,5596,5600,2005,15,0.0,0.0,
6454,DATE+,5643,5651,492 2005,15,0.0,0.0,
6455,DATE+,5737,5741,1088,15,0.0,0.0,
6456,DATE+,5742,5746,2005,15,0.0,0.0,
6457,DATE+,5790,5794,2006,15,0.0,0.0,
6458,DATE+,5837,5845,492 2006,15,0.0,0.0,
6459,DATE+,5883,5887,2006,15,0.0,0.0,
6460,DATE+,5931,5935,1088,15,0.0,0.0,
6461,DATE+,5936,5940,2006,15,0.0,0.0,
6462,DATE+,5984,5988,2007,15,0.0,0.0,
6463,DATE+,6036,6040,2007,15,0.0,0.0,
6464,DATE+,6074,6082,525 2007,15,0.0,0.0,
6465,DATE+,6126,6130,2008,15,0.0,0.0,
6466,DATE+,6173,6177,1914,15,0.0,0.0,
6467,DATE+,6178,6182,2008,15,0.0,0.0,
6468,DATE+,6220,6224,2008,15,0.0,0.0,
6469,DATE+,6268,6272,2009,15,0.0,0.0,
6470,DATE+,6320,6324,2009,15,0.0,0.0,
6471,DATE+,6362,6366,2009,15,0.0,0.0,
6472,DATE+,6410,6414,2010,15,0.0,0.0,
6473,DATE+,6462,6466,2010,15,0.0,0.0,
6474,DATE+,6504,6508,2010,15,0.0,0.0,
6475,DATE+,6556,6560,2010,15,0.0,0.0,
6476,DATE+,6604,6608,2011,15,0.0,0.0,
6477,DATE+,6651,6655,1241,15,0.0,0.0,
6478,DATE+,6656,6660,2011,15,0.0,0.0,
6479,DATE+,6698,6702,2011,15,0.0,0.0,
6480,DATE+,6767,6771,2011,15,0.0,0.0,
6481,DATE+,6815,6819,2012,15,0.0,0.0,
6482,DATE+,6865,6869,2012,15,0.0,0.0,
6483,DATE+,6907,6911,2012,15,0.0,0.0,
6484,DATE+,6955,6959,1730,15,0.0,0.0,
6485,DATE+,7008,7012,2013,15,0.0,0.0,
6486,DATE+,7056,7060,2014,15,0.0,0.0,
6487,DATE+,7107,7111,2014,15,0.0,0.0,
6488,DATE+,7149,7153,2014,15,0.0,0.0,
6489,DATE+,7197,7201,1267,15,0.0,0.0,
6490,DATE+,7250,7254,2015,15,0.0,0.0,
6491,DATE+,7297,7305,573 2015,15,0.0,0.0,
6492,DATE+,7343,7347,2015,15,0.0,0.0,
6493,DATE+,7391,7395,1035,15,0.0,0.0,
6494,DATE+,7396,7400,2015,15,0.0,0.0,
6495,DATE+,7444,7448,2016,15,0.0,0.0,
6496,DATE+,7495,7499,2016,15,0.0,0.0,
6497,DATE+,7537,7541,2016,15,0.0,0.0,
6498,DATE+,7585,7589,1284,15,0.0,0.0,
6499,DATE+,7590,7594,2016,15,0.0,0.0,
6500,DATE+,7638,7642,2017,15,0.0,0.0,
6501,DATE+,7685,7693,809 2017,15,0.0,0.0,
6502,DATE+,7742,7746,2018,15,0.0,0.0,
6503,DATE+,7793,7797,2018,15,0.0,0.0,
6504,DATE+,7835,7839,2018,15,0.0,0.0,
6505,DATE+,7887,7891,2019,15,0.0,0.0,
6506,DATE+,7938,7942,2019,15,0.0,0.0,
6507,DATE+,7980,7984,2019,15,0.0,0.0,
6508,DATE+,8032,8036,2020,15,0.0,0.0,
6509,DATE+,8083,8087,2020,15,0.0,0.0,
6510,DATE+,8125,8129,2020,15,0.0,0.0,
6511,DATE+,8177,8181,2020,15,0.0,0.0,
6512,DATE+,8225,8229,2021,15,0.0,0.0,
6513,DATE+,8276,8280,2021,15,0.0,0.0,
6514,DATE+,8318,8322,2021,15,0.0,0.0,
6515,DATE+,8366,8374,723 2021,15,0.0,0.0,
6516,DATE+,8413,8417,1785,15,0.0,0.0,
6517,DATE+,62,78,21 februari 2022,29,0.0,0.0,
6521,DATE+,820,832,15 juli 2022,29,0.0,0.0,
6523,DATE+,1115,1127,15 juli 2022,29,0.0,0.0,
6525,DATE+,240,247,21-0222,46,0.0,0.0,
6526,DATE+,251,258,21-0223,46,0.0,0.0,
6528,DATE+,515,531,17 februari 2020,46,0.0,0.0,
6530,DATE+,770,777,21-0222,46,0.0,0.0,
6532,DATE+,860,871,11 mei 2021,46,0.0,0.0,
6535,DATE+,1340,1347,21-0223,46,0.0,0.0,
6537,DATE+,1430,1441,11 mei 2021,46,0.0,0.0,
6550,DATE+,401,416,13 januari 2022,17,0.0,0.0,
6551,DATE+,421,436,14 januari 2022,17,0.0,0.0,
6552,DATE+,523,533,14 januari,17,0.0,0.0,
6553,DATE+,534,538,2022,17,0.0,0.0,
6554,DATE+,1284,1299,14 januari 2022,17,0.0,0.0,
6555,DATE+,2205,2220,14 januari 2022,17,0.0,0.0,
6556,DATE+,2784,2799,14 januari 2022,17,0.0,0.0,
6557,DATE+,3316,3331,14 januari 2022,17,0.0,0.0,
6560,DATE+,348,352,1994,88,1.0,0.0,1994 tot en met juli 2016
6561,DATE+,364,373,juli 2016,88,1.0,0.0,1994 tot en met juli 2016
6566,DATE+,782,786,1994,88,0.0,0.0,
6567,DATE+,790,794,2015,88,0.0,0.0,
6568,DATE+,1066,1070,1994,88,0.0,0.0,
6569,DATE+,1257,1261,2000,88,0.0,0.0,
6570,DATE+,1293,1297,2000,88,0.0,0.0,
6571,DATE+,1374,1383,juli 2016,88,0.0,0.0,
6572,DATE+,1439,1443,2014,88,0.0,0.0,
6573,DATE+,1642,1646,2007,88,0.0,0.0,
6574,DATE+,1687,1696,2007/8777,88,0.0,0.0,
6575,DATE+,1844,1848,2008,88,0.0,0.0,
6576,DATE+,1922,1926,2000,88,0.0,0.0,
6577,DATE+,2051,2055,1994,88,0.0,0.0,
6578,DATE+,2058,2062,2016,88,0.0,0.0,
6579,DATE+,2139,2143,2000,88,0.0,0.0,
6580,DATE+,103,118,13 januari 2022,72,0.0,0.0,
6583,DATE+,379,393,1 januari 2021,72,1.0,0.0,1 januari 2021 tot en met 13 januari 2022
6584,DATE+,405,420,13 januari 2022,72,1.0,0.0,1 januari 2021 tot en met 13 januari 2022
6588,DATE+,699,712,15 maart 2022,72,0.0,0.0,
6590,DATE+,922,935,december 2021,72,0.0,0.0,
6591,DATE+,1017,1030,december 2021,72,0.0,0.0,
6593,DATE+,1092,1104,15 juni 2022,72,0.0,0.0,
6596,DATE+,169,176,21-0493,47,0.0,0.0,
6599,DATE+,478,485,21-0493,47,0.0,0.0,
6601,DATE+,567,583,10 augustus 2021,47,0.0,0.0,
6602,DATE+,176,180,0880,118,0.0,0.0,
6603,DATE+,181,188,42 4242,118,0.0,0.0,
6606,DATE+,444,448,2000,118,0.0,0.0,
6609,DATE+,825,829,2000,118,0.0,0.0,
6610,DATE+,962,974,20 juni 2022,118,0.0,0.0,
6611,DATE+,1015,1027,20 juni 2022,118,0.0,0.0,
6612,DATE+,1370,1382,20 juni 2022,118,0.0,0.0,
6613,DATE+,1509,1521,20 juni 2022,118,0.0,0.0,
6614,DATE+,2163,2175,20 juni 2022,118,0.0,0.0,
6615,DATE+,2951,2963,20 juni 2022,118,0.0,0.0,
6652,DATE+,75,84,4 oktober,40,1.0,1.0,4 oktober 2022
6654,DATE+,312,323,1 juni 2021,40,1.0,0.0,1 juni 2021 tot en met 14 juli 2022
6655,DATE+,335,347,14 juli 2022,40,1.0,0.0,1 juni 2021 tot en met 14 juli 2022
6659,DATE+,847,863,26 augustus 2022,40,0.0,0.0,
6661,DATE+,1240,1256,26 augustus 2022,40,0.0,0.0,
